{
  "project_info": {
    "project_number": "374517303907",
    "project_id": "pvzinfusion",
    "storage_bucket": "pvzinfusion.firebasestorage.app"
  },
  "client": [
    {
      "client_info": {
        "mobilesdk_app_id": "1:374517303907:android:a221402f4929abe2348656",
        "android_client_info": {
          "package_name": "com.pvz.infusion"
        }
      },
      "oauth_client": [],
      "api_key": [
        {
          "current_key": "AIzaSyDG3PZKUNfKEgE7-S4SBhecGC8WLSSHqIM"
        }
      ],
      "services": {
        "appinvite_service": {
          "other_platform_oauth_client": []
        }
      }
    }
  ],
  "configuration_version": "1"
}